email,password,display_name
0dge@gamil.com,0dge333,user_0DGE
0txs@gamil.com,0txs333,user_0TXS
0w93@gamil.com,0w93333,user_0W93
0zls@gamil.com,0zls333,user_0ZLS
23op@gamil.com,23op333,user_23OP
2bdl@gamil.com,2bdl333,user_2BDL
2dk7@gamil.com,2dk7333,user_2DK7
2hk2@gamil.com,2hk2333,user_2HK2
2y6s@gamil.com,2y6s333,user_2Y6S
33qr@gamil.com,33qr333,user_33QR
3vsi@gamil.com,3vsi333,user_3VSI
43sj@gamil.com,43sj333,user_43SJ
45h2@gamil.com,45h2333,user_45H2
4s8j@gamil.com,4s8j333,user_4S8J
5jgh@gamil.com,5jgh333,user_5JGH
5sns@gamil.com,5sns333,user_5SNS
6caf@gamil.com,6caf333,user_6CAF
6eie@gamil.com,6eie333,user_6EIE
6nvr@gamil.com,6nvr333,user_6NVR
7c86@gamil.com,7c86333,user_7C86
7ueq@gamil.com,7ueq333,user_7UEQ
89yj@gamil.com,89yj333,user_89YJ
9ol6@gamil.com,9ol6333,user_9OL6
9pkg@gamil.com,9pkg333,user_9PKG
9sky@gamil.com,9sky333,user_9SKY
a1bw@gamil.com,a1bw333,user_A1BW
a5ac@gamil.com,a5ac333,user_A5AC
ai2p@gamil.com,ai2p333,user_AI2P
amhn@gamil.com,amhn333,user_AMHN
apb3@gamil.com,apb333,user_APB3
bi4f@gamil.com,bi4f333,user_BI4F
bks8@gamil.com,bks8333,user_BKS8
bleb@gamil.com,bleb333,user_BLEB
cayh@gamil.com,cayh333,user_CAYH
ctq6@gamil.com,ctq6333,user_CTQ6
cuec@gamil.com,cuec333,user_CUEC
d0e5@gamil.com,d0e5333,user_D0E5
d8sk@gamil.com,d8sk333,user_D8SK
d9bp@gamil.com,d9bp333,user_D9BP
ddqz@gamil.com,ddqz333,user_DDQZ
di9l@gamil.com,di9l333,user_DI9L
dioe@gamil.com,dioe333,user_DIOE
dnmt@gamil.com,dnmt333,user_DNMT
dvis@gamil.com,dvis333,user_DVIS
e5kp@gamil.com,e5kp333,user_E5KP
edt3@gamil.com,edt3333,user_EDT3
ekey@gamil.com,ekey333,user_EKEY
esod@gamil.com,esod333,user_ESOD
fvmx@gamil.com,fvmx333,user_FVMX
g0mf@gamil.com,g0mf333,user_G0MF
hb8t@gamil.com,hb8t333,user_HB8T
ht2l@gamil.com,ht2l333,user_HT2L
hu18@gamil.com,hu18333,user_HU18
hwnn@gamil.com,hwnn333,user_HWNN
i45j@gamil.com,i45j333,user_I45J
iam2@gamil.com,iam2333,user_IAM2
ijoc@gamil.com,ijoc333,user_IJOC
il6q@gamil.com,il6q333,user_IL6Q
izjl@gamil.com,izjl333,user_IZJL
j6fm@gamil.com,j6fm333,user_J6FM
jcz4@gamil.com,jcz4333,user_JCZ4
jh0n@gamil.com,jh0n333,user_JH0N
jjkc@gamil.com,jjkc333,user_JJKC
jqws@gamil.com,jqws333,user_JQWS
k2jx@gamil.com,k2jx333,user_K2JX
kl04@gamil.com,kl04333,user_KL04
kl1i@gamil.com,kl1i333,user_KL1I
ku8t@gamil.com,ku8t333,user_KU8T
l9ve@gamil.com,l9ve333,user_L9VE
lfrr@gamil.com,lfrr333,user_LFRR
m7qu@gamil.com,m7qu333,user_M7QU
m8pt@gamil.com,m8pt333,user_M8PT
mgic@gamil.com,mgic333,user_MGIC
mjuc@gamil.com,mjuc333,user_MJUC
mmk4@gamil.com,mmk4333,user_MMK4
n2q6@gamil.com,n2q6333,user_N2Q6
n9b1@gamil.com,n9b1333,user_N9B1
nhkr@gamil.com,nhkr333,user_NHKR
o8f7@gamil.com,o8f7333,user_O8F7
omkx@gamil.com,omkx333,user_OMKX
p1lm@gamil.com,p1lm333,user_P1LM
p393@gamil.com,p393333,user_P393
pigf@gamil.com,pigf333,user_PIGF
plrd@gamil.com,plrd333,user_PLRD
pneu@gamil.com,pneu333,user_PNEU
prps@gamil.com,prps333,user_PRPS
psd9@gamil.com,psd9333,user_PSD9
pvk8@gamil.com,pvk8333,user_PVK8
pwn7@gamil.com,pwn7333,user_PWN7
pxbo@gamil.com,pxbo333,user_PXBO
q3lx@gamil.com,q3lx333,user_Q3LX
q4kv@gamil.com,q4kv333,user_Q4KV
qcxm@gamil.com,qcxm333,user_QCXM
qrsv@gamil.com,qrsv333,user_QRSV
qu3u@gamil.com,qu3u333,user_QU3U
rf6a@gamil.com,rf6a333,user_RF6A
rk3z@gamil.com,rk3z333,user_RK3Z
rnhq@gamil.com,rnhq333,user_RNHQ
svqg@gamil.com,svqg333,user_SVQG
t0h7@gamil.com,t0h7333,user_T0H7
tint@gamil.com,tint333,user_TINT
u6l0@gamil.com,u6l0333,user_U6L0
u6wi@gamil.com,u6wi333,user_U6WI
ug2e@gamil.com,ug2e333,user_UG2E
ui0b@gamil.com,ui0b333,user_UI0B
umfa@gamil.com,umfa333,user_UMFA
upae@gamil.com,upae333,user_UPAE
uq29@gamil.com,uq29333,user_UQ29
w879@gamil.com,w879333,user_W879
wd6q@gamil.com,wd6q333,user_WD6Q
wnsg@gamil.com,wnsg333,user_WNSG
xw2v@gamil.com,xw2v333,user_XW2V
y11z@gamil.com,y11z333,user_Y11Z
y3uv@gamil.com,y3uv333,user_Y3UV
y8cr@gamil.com,y8cr333,user_Y8CR
ya0x@gamil.com,ya0x333,user_YA0X
yf3q@gamil.com,yf3q333,user_YF3Q
yo0l@gamil.com,yo0l333,user_YO0L
ysu0@gamil.com,ysu0333,user_YSU0
zd1t@gamil.com,zd1t333,user_ZD1T
